{"cameraMode":{"drawMode":0,"name":"Shaded","section":"Shading Mode"},"sceneLighting":false,"audioPlay":false,"sceneViewState":{"showFog":true,"showMaterialUpdate":false,"showSkybox":false,"showFlares":true,"showImageEffects":true,"showParticleSystems":true},"in2DMode":false,"pivot":{"x":0.0,"y":0.006686716340482235,"z":0.0009905858896672726},"rotation":{"x":0.003159434301778674,"y":-0.9921886920928955,"z":0.12205152213573456,"w":0.025596963241696359},"size":0.08194245398044586,"orthographic":true}