{"cameraMode":{"drawMode":0,"name":"Shaded","section":"Shading Mode"},"sceneLighting":false,"audioPlay":false,"sceneViewState":{"showFog":true,"showMaterialUpdate":false,"showSkybox":false,"showFlares":true,"showImageEffects":true,"showParticleSystems":true},"in2DMode":false,"pivot":{"x":0.002165079116821289,"y":0.11085803061723709,"z":-0.0027316808700561525},"rotation":{"x":-0.1989026516675949,"y":-0.7736356854438782,"z":0.2927984595298767,"w":-0.5255423188209534},"size":2.1318559646606447,"orthographic":false}