{"cameraMode":{"drawMode":0,"name":"Shaded","section":"Shading Mode"},"sceneLighting":false,"audioPlay":false,"sceneViewState":{"showFog":true,"showMaterialUpdate":false,"showSkybox":false,"showFlares":true,"showImageEffects":true,"showParticleSystems":true},"in2DMode":false,"pivot":{"x":0.24353528022766114,"y":-0.33550190925598147,"z":-0.13963401317596436},"rotation":{"x":-0.1989026516675949,"y":-0.7736356854438782,"z":0.2927984595298767,"w":-0.5255423188209534},"size":5.303656578063965,"orthographic":false}