{"cameraMode":{"drawMode":0,"name":"Shaded","section":"Shading Mode"},"sceneLighting":false,"audioPlay":false,"sceneViewState":{"showFog":true,"showMaterialUpdate":false,"showSkybox":false,"showFlares":true,"showImageEffects":true,"showParticleSystems":true},"in2DMode":false,"pivot":{"x":-0.2675607204437256,"y":-0.042963624000549319,"z":-1.3890604972839356},"rotation":{"x":-0.06317763030529022,"y":-0.9130683541297913,"z":0.15514637529850007,"w":-0.3718123137950897},"size":2.857883930206299,"orthographic":false}