{"cameraMode":{"drawMode":0,"name":"Shaded","section":"Shading Mode"},"sceneLighting":false,"audioPlay":false,"sceneViewState":{"showFog":true,"showMaterialUpdate":false,"showSkybox":false,"showFlares":true,"showImageEffects":true,"showParticleSystems":true},"in2DMode":false,"pivot":{"x":-1.862645149230957e-9,"y":0.011538758873939515,"z":0.0016601779498159886},"rotation":{"x":0.003159434301778674,"y":-0.9921886920928955,"z":0.12205152213573456,"w":0.025596963241696359},"size":0.08811851590871811,"orthographic":true}